{"ret":true,"msg":"成功","errcode":0,"data":[{"热门城市":[{"cityUrl":"beijing_city","cityName":"北京","en_gj":"en"},{"cityUrl":"shanghai_city","cityName":"上海","en_gj":"en"},{"cityUrl":"guangzhou","cityName":"广州","en_gj":"en"},{"cityUrl":"chengdu","cityName":"成都","en_gj":"en"},{"cityUrl":"chongqing_city","cityName":"重庆","en_gj":"en"},{"cityUrl":"hangzhou","cityName":"杭州","en_gj":"en"},{"cityUrl":"shenzhen","cityName":"深圳","en_gj":"en"},{"cityUrl":"sanya","cityName":"三亚","en_gj":"en"},{"cityUrl":"nanjing","cityName":"南京","en_gj":"en"},{"cityUrl":"xian","cityName":"西安","en_gj":"en"},{"cityUrl":"changsha","cityName":"长沙","en_gj":"en"},{"cityUrl":"i-hong_kong","cityName":"香港","en_gj":"en"},{"cityUrl":"i-macau","cityName":"澳门","en_gj":"en"},{"cityUrl":"wuhan","cityName":"武汉","en_gj":"en"},{"cityUrl":"kunming","cityName":"昆明","en_gj":"en"},{"cityUrl":"suzhou_jiangsu","cityName":"苏州","en_gj":"en"},{"cityUrl":"xiamen","cityName":"厦门","en_gj":"en"},{"cityUrl":"tianjin_city","cityName":"天津","en_gj":"en"},{"cityUrl":"dali","cityName":"大理","en_gj":"en"},{"cityUrl":"qingdao","cityName":"青岛","en_gj":"en"}]},{"A":[{"cityUrl":"aba","cityName":"阿坝","en_gj":"en"},{"cityUrl":"akesu","cityName":"阿克苏","en_gj":"en"},{"cityUrl":"alaer","cityName":"阿拉尔","en_gj":"en"},{"cityUrl":"alashan","cityName":"阿拉善盟","en_gj":"en"},{"cityUrl":"aletai","cityName":"阿勒泰","en_gj":"en"},{"cityUrl":"ali","cityName":"阿里","en_gj":"en"},{"cityUrl":"ankang","cityName":"安康","en_gj":"en"},{"cityUrl":"anqing","cityName":"安庆","en_gj":"en"},{"cityUrl":"anshan","cityName":"鞍山","en_gj":"en"},{"cityUrl":"anshun","cityName":"安顺","en_gj":"en"},{"cityUrl":"anyang","cityName":"安阳","en_gj":"en"}]},{"B":[{"cityUrl":"baicheng","cityName":"白城","en_gj":"en"},{"cityUrl":"baise","cityName":"百色","en_gj":"en"},{"cityUrl":"baisha","cityName":"白沙","en_gj":"en"},{"cityUrl":"baishan","cityName":"白山","en_gj":"en"},{"cityUrl":"baiyin","cityName":"白银","en_gj":"en"},{"cityUrl":"bangbu","cityName":"蚌埠","en_gj":"en"},{"cityUrl":"baoding","cityName":"保定","en_gj":"en"},{"cityUrl":"baoji","cityName":"宝鸡","en_gj":"en"},{"cityUrl":"baoshan","cityName":"保山","en_gj":"en"},{"cityUrl":"baoting","cityName":"保亭","en_gj":"en"},{"cityUrl":"baotou","cityName":"包头","en_gj":"en"},{"cityUrl":"bayannaoer","cityName":"巴彦淖尔","en_gj":"en"},{"cityUrl":"bayinguoleng","cityName":"巴音郭楞","en_gj":"en"},{"cityUrl":"bazhong","cityName":"巴中","en_gj":"en"},{"cityUrl":"beihai","cityName":"北海","en_gj":"en"},{"cityUrl":"beijing_city","cityName":"北京","en_gj":"en"},{"cityUrl":"beitun_xinjiang","cityName":"北屯","en_gj":"en"},{"cityUrl":"benxi","cityName":"本溪","en_gj":"en"},{"cityUrl":"bijie","cityName":"毕节","en_gj":"en"},{"cityUrl":"binzhou","cityName":"滨州","en_gj":"en"},{"cityUrl":"boertala","cityName":"博尔塔拉","en_gj":"en"},{"cityUrl":"bozhou","cityName":"亳州","en_gj":"en"}]},{"C":[{"cityUrl":"cangzhou","cityName":"沧州","en_gj":"en"},{"cityUrl":"changchun","cityName":"长春","en_gj":"en"},{"cityUrl":"changde","cityName":"常德","en_gj":"en"},{"cityUrl":"changdu","cityName":"昌都","en_gj":"en"},{"cityUrl":"changji","cityName":"昌吉","en_gj":"en"},{"cityUrl":"changjiang","cityName":"昌江","en_gj":"en"},{"cityUrl":"changsha","cityName":"长沙","en_gj":"en"},{"cityUrl":"changzhi","cityName":"长治","en_gj":"en"},{"cityUrl":"changzhou","cityName":"常州","en_gj":"en"},{"cityUrl":"chaoyang","cityName":"朝阳","en_gj":"en"},{"cityUrl":"chaozhou","cityName":"潮州","en_gj":"en"},{"cityUrl":"chengde","cityName":"承德","en_gj":"en"},{"cityUrl":"chengdu","cityName":"成都","en_gj":"en"},{"cityUrl":"chengmai","cityName":"澄迈","en_gj":"en"},{"cityUrl":"chenzhou","cityName":"郴州","en_gj":"en"},{"cityUrl":"chifeng","cityName":"赤峰","en_gj":"en"},{"cityUrl":"chizhou","cityName":"池州","en_gj":"en"},{"cityUrl":"chongqing_city","cityName":"重庆","en_gj":"en"},{"cityUrl":"chongzuo","cityName":"崇左","en_gj":"en"},{"cityUrl":"chuxiong","cityName":"楚雄","en_gj":"en"},{"cityUrl":"chuzhou","cityName":"滁州","en_gj":"en"}]},{"D":[{"cityUrl":"dali","cityName":"大理","en_gj":"en"},{"cityUrl":"dalian","cityName":"大连","en_gj":"en"},{"cityUrl":"dandong","cityName":"丹东","en_gj":"en"},{"cityUrl":"danzhou","cityName":"儋州","en_gj":"en"},{"cityUrl":"daqing","cityName":"大庆","en_gj":"en"},{"cityUrl":"datong","cityName":"大同","en_gj":"en"},{"cityUrl":"daxinganling","cityName":"大兴安岭","en_gj":"en"},{"cityUrl":"dazhou","cityName":"达州","en_gj":"en"},{"cityUrl":"dehong","cityName":"德宏","en_gj":"en"},{"cityUrl":"deyang","cityName":"德阳","en_gj":"en"},{"cityUrl":"dezhou","cityName":"德州","en_gj":"en"},{"cityUrl":"dingan","cityName":"定安","en_gj":"en"},{"cityUrl":"dingxi","cityName":"定西","en_gj":"en"},{"cityUrl":"diqing","cityName":"迪庆","en_gj":"en"},{"cityUrl":"dongfang","cityName":"东方","en_gj":"en"},{"cityUrl":"dongguan","cityName":"东莞","en_gj":"en"},{"cityUrl":"dongying","cityName":"东营","en_gj":"en"}]},{"E":[{"cityUrl":"eerduosi","cityName":"鄂尔多斯","en_gj":"en"},{"cityUrl":"enshi","cityName":"恩施自治州","en_gj":"en"},{"cityUrl":"ezhou","cityName":"鄂州","en_gj":"en"}]},{"F":[{"cityUrl":"fangchenggang","cityName":"防城港","en_gj":"en"},{"cityUrl":"foshan","cityName":"佛山","en_gj":"en"},{"cityUrl":"fushun","cityName":"抚顺","en_gj":"en"},{"cityUrl":"fuxin","cityName":"阜新","en_gj":"en"},{"cityUrl":"fuyang_anhui","cityName":"阜阳","en_gj":"en"},{"cityUrl":"fuzhou_fujian","cityName":"福州","en_gj":"en"},{"cityUrl":"fuzhou_jiangxi","cityName":"抚州","en_gj":"en"}]},{"G":[{"cityUrl":"gannan","cityName":"甘南","en_gj":"en"},{"cityUrl":"ganzhou","cityName":"赣州","en_gj":"en"},{"cityUrl":"ganzi","cityName":"甘孜","en_gj":"en"},{"cityUrl":"guangan","cityName":"广安","en_gj":"en"},{"cityUrl":"guangyuan","cityName":"广元","en_gj":"en"},{"cityUrl":"guangzhou","cityName":"广州","en_gj":"en"},{"cityUrl":"guigang","cityName":"贵港","en_gj":"en"},{"cityUrl":"guilin","cityName":"桂林","en_gj":"en"},{"cityUrl":"guiyang","cityName":"贵阳","en_gj":"en"},{"cityUrl":"guoluo","cityName":"果洛","en_gj":"en"},{"cityUrl":"guyuan","cityName":"固原","en_gj":"en"}]},{"H":[{"cityUrl":"haerbin","cityName":"哈尔滨","en_gj":"en"},{"cityUrl":"haibei","cityName":"海北","en_gj":"en"},{"cityUrl":"haidong","cityName":"海东","en_gj":"en"},{"cityUrl":"haikou","cityName":"海口","en_gj":"en"},{"cityUrl":"hainanzangzu","cityName":"海南藏族自治州","en_gj":"en"},{"cityUrl":"haixi","cityName":"海西","en_gj":"en"},{"cityUrl":"hami","cityName":"哈密","en_gj":"en"},{"cityUrl":"handan","cityName":"邯郸","en_gj":"en"},{"cityUrl":"hangzhou","cityName":"杭州","en_gj":"en"},{"cityUrl":"hanzhong","cityName":"汉中","en_gj":"en"},{"cityUrl":"hebi","cityName":"鹤壁","en_gj":"en"},{"cityUrl":"hechi","cityName":"河池","en_gj":"en"},{"cityUrl":"hefei","cityName":"合肥","en_gj":"en"},{"cityUrl":"hegang","cityName":"鹤岗","en_gj":"en"},{"cityUrl":"heihe","cityName":"黑河","en_gj":"en"},{"cityUrl":"hengshui","cityName":"衡水","en_gj":"en"},{"cityUrl":"hengyang","cityName":"衡阳","en_gj":"en"},{"cityUrl":"hetian","cityName":"和田","en_gj":"en"},{"cityUrl":"heyuan","cityName":"河源","en_gj":"en"},{"cityUrl":"heze","cityName":"菏泽","en_gj":"en"},{"cityUrl":"hezhou","cityName":"贺州","en_gj":"en"},{"cityUrl":"honghe","cityName":"红河","en_gj":"en"},{"cityUrl":"hongkong_city","cityName":"香港","en_gj":"en"},{"cityUrl":"huaian","cityName":"淮安","en_gj":"en"},{"cityUrl":"huaibei","cityName":"淮北","en_gj":"en"},{"cityUrl":"huaihua","cityName":"怀化","en_gj":"en"},{"cityUrl":"huainan","cityName":"淮南","en_gj":"en"},{"cityUrl":"huanggang","cityName":"黄冈","en_gj":"en"},{"cityUrl":"huangnan","cityName":"黄南","en_gj":"en"},{"cityUrl":"huangshan","cityName":"黄山","en_gj":"en"},{"cityUrl":"huangshi","cityName":"黄石","en_gj":"en"},{"cityUrl":"huhehaote","cityName":"呼和浩特","en_gj":"en"},{"cityUrl":"huizhou_guangdong","cityName":"惠州","en_gj":"en"},{"cityUrl":"huludao","cityName":"葫芦岛","en_gj":"en"},{"cityUrl":"hulunbeier","cityName":"呼伦贝尔","en_gj":"en"},{"cityUrl":"huzhou","cityName":"湖州","en_gj":"en"}]},{"J":[{"cityUrl":"jiamusi","cityName":"佳木斯","en_gj":"en"},{"cityUrl":"jian","cityName":"吉安","en_gj":"en"},{"cityUrl":"jiangmen","cityName":"江门","en_gj":"en"},{"cityUrl":"jiaozuo","cityName":"焦作","en_gj":"en"},{"cityUrl":"jiaxing","cityName":"嘉兴","en_gj":"en"},{"cityUrl":"jiayuguan","cityName":"嘉峪关","en_gj":"en"},{"cityUrl":"jieyang","cityName":"揭阳","en_gj":"en"},{"cityUrl":"jilin_city","cityName":"吉林","en_gj":"en"},{"cityUrl":"jinan","cityName":"济南","en_gj":"en"},{"cityUrl":"jinchang","cityName":"金昌","en_gj":"en"},{"cityUrl":"jincheng","cityName":"晋城","en_gj":"en"},{"cityUrl":"jingdezhen","cityName":"景德镇","en_gj":"en"},{"cityUrl":"jingmen","cityName":"荆门","en_gj":"en"},{"cityUrl":"jingzhou","cityName":"荆州","en_gj":"en"},{"cityUrl":"jinhua","cityName":"金华","en_gj":"en"},{"cityUrl":"jining","cityName":"济宁","en_gj":"en"},{"cityUrl":"jinzhong","cityName":"晋中","en_gj":"en"},{"cityUrl":"jinzhou","cityName":"锦州","en_gj":"en"},{"cityUrl":"jiujiang","cityName":"九江","en_gj":"en"},{"cityUrl":"jiuquan","cityName":"酒泉","en_gj":"en"},{"cityUrl":"jixi","cityName":"鸡西","en_gj":"en"},{"cityUrl":"jiyuan","cityName":"济源","en_gj":"en"}]},{"K":[{"cityUrl":"kaifeng","cityName":"开封","en_gj":"en"},{"cityUrl":"kashi","cityName":"喀什","en_gj":"en"},{"cityUrl":"kekedala","cityName":"可克达拉","en_gj":"en"},{"cityUrl":"kelamayi","cityName":"克拉玛依","en_gj":"en"},{"cityUrl":"kezilesukeerkezi","cityName":"克孜勒苏柯尔克孜","en_gj":"en"},{"cityUrl":"kunming","cityName":"昆明","en_gj":"en"},{"cityUrl":"kunyushi","cityName":"昆玉市","en_gj":"en"}]},{"L":[{"cityUrl":"laibin","cityName":"来宾","en_gj":"en"},{"cityUrl":"laiwu","cityName":"莱芜","en_gj":"en"},{"cityUrl":"langfang","cityName":"廊坊","en_gj":"en"},{"cityUrl":"lanzhou","cityName":"兰州","en_gj":"en"},{"cityUrl":"lasa","cityName":"拉萨","en_gj":"en"},{"cityUrl":"ledong","cityName":"乐东","en_gj":"en"},{"cityUrl":"leshan","cityName":"乐山","en_gj":"en"},{"cityUrl":"liangshan","cityName":"凉山","en_gj":"en"},{"cityUrl":"lianyungang","cityName":"连云港","en_gj":"en"},{"cityUrl":"liaocheng","cityName":"聊城","en_gj":"en"},{"cityUrl":"liaoyang","cityName":"辽阳","en_gj":"en"},{"cityUrl":"liaoyuan","cityName":"辽源","en_gj":"en"},{"cityUrl":"lijiang","cityName":"丽江","en_gj":"en"},{"cityUrl":"lincang","cityName":"临沧","en_gj":"en"},{"cityUrl":"linfen","cityName":"临汾","en_gj":"en"},{"cityUrl":"lingao","cityName":"临高","en_gj":"en"},{"cityUrl":"lingshui","cityName":"陵水","en_gj":"en"},{"cityUrl":"linxia","cityName":"临夏","en_gj":"en"},{"cityUrl":"linyi","cityName":"临沂","en_gj":"en"},{"cityUrl":"linzhi","cityName":"林芝","en_gj":"en"},{"cityUrl":"lishui","cityName":"丽水","en_gj":"en"},{"cityUrl":"liuan","cityName":"六安","en_gj":"en"},{"cityUrl":"liupanshui","cityName":"六盘水","en_gj":"en"},{"cityUrl":"liuzhou","cityName":"柳州","en_gj":"en"},{"cityUrl":"longnan","cityName":"陇南","en_gj":"en"},{"cityUrl":"longyan","cityName":"龙岩","en_gj":"en"},{"cityUrl":"loudi","cityName":"娄底","en_gj":"en"},{"cityUrl":"luohe","cityName":"漯河","en_gj":"en"},{"cityUrl":"luoyang","cityName":"洛阳","en_gj":"en"},{"cityUrl":"luzhou","cityName":"泸州","en_gj":"en"},{"cityUrl":"lvliang","cityName":"吕梁","en_gj":"en"}]},{"M":[{"cityUrl":"maanshan","cityName":"马鞍山","en_gj":"en"},{"cityUrl":"macao_city","cityName":"澳门","en_gj":"en"},{"cityUrl":"maoming","cityName":"茂名","en_gj":"en"},{"cityUrl":"meishan","cityName":"眉山","en_gj":"en"},{"cityUrl":"meizhou","cityName":"梅州","en_gj":"en"},{"cityUrl":"mianyang","cityName":"绵阳","en_gj":"en"},{"cityUrl":"mudanjiang","cityName":"牡丹江","en_gj":"en"}]},{"N":[{"cityUrl":"nanchang","cityName":"南昌","en_gj":"en"},{"cityUrl":"nanchong","cityName":"南充","en_gj":"en"},{"cityUrl":"nanjing","cityName":"南京","en_gj":"en"},{"cityUrl":"nanning","cityName":"南宁","en_gj":"en"},{"cityUrl":"nanping","cityName":"南平","en_gj":"en"},{"cityUrl":"nantong","cityName":"南通","en_gj":"en"},{"cityUrl":"nanyang","cityName":"南阳","en_gj":"en"},{"cityUrl":"naqu","cityName":"那曲","en_gj":"en"},{"cityUrl":"neijiang","cityName":"内江","en_gj":"en"},{"cityUrl":"ningbo","cityName":"宁波","en_gj":"en"},{"cityUrl":"ningde","cityName":"宁德","en_gj":"en"},{"cityUrl":"nujiang","cityName":"怒江","en_gj":"en"}]},{"P":[{"cityUrl":"panjin","cityName":"盘锦","en_gj":"en"},{"cityUrl":"panzhihua","cityName":"攀枝花","en_gj":"en"},{"cityUrl":"pingdingshan","cityName":"平顶山","en_gj":"en"},{"cityUrl":"pingliang","cityName":"平凉","en_gj":"en"},{"cityUrl":"pingxiang","cityName":"萍乡","en_gj":"en"},{"cityUrl":"puer","cityName":"普洱","en_gj":"en"},{"cityUrl":"putian","cityName":"莆田","en_gj":"en"},{"cityUrl":"puyang","cityName":"濮阳","en_gj":"en"}]},{"Q":[{"cityUrl":"qiandongnan","cityName":"黔东南","en_gj":"en"},{"cityUrl":"qianjiang","cityName":"潜江","en_gj":"en"},{"cityUrl":"qiannan","cityName":"黔南","en_gj":"en"},{"cityUrl":"qianxinan","cityName":"黔西南","en_gj":"en"},{"cityUrl":"qingdao","cityName":"青岛","en_gj":"en"},{"cityUrl":"qingyang","cityName":"庆阳","en_gj":"en"},{"cityUrl":"qingyuan","cityName":"清远","en_gj":"en"},{"cityUrl":"qinhuangdao","cityName":"秦皇岛","en_gj":"en"},{"cityUrl":"qinzhou","cityName":"钦州","en_gj":"en"},{"cityUrl":"qionghai","cityName":"琼海","en_gj":"en"},{"cityUrl":"qiongzhong","cityName":"琼中","en_gj":"en"},{"cityUrl":"qiqihaer","cityName":"齐齐哈尔","en_gj":"en"},{"cityUrl":"qitaihe","cityName":"七台河","en_gj":"en"},{"cityUrl":"quanzhou","cityName":"泉州","en_gj":"en"},{"cityUrl":"qujing","cityName":"曲靖","en_gj":"en"},{"cityUrl":"quzhou","cityName":"衢州","en_gj":"en"}]},{"R":[{"cityUrl":"rikaze","cityName":"日喀则","en_gj":"en"},{"cityUrl":"rizhao","cityName":"日照","en_gj":"en"}]},{"S":[{"cityUrl":"sanmenxia","cityName":"三门峡","en_gj":"en"},{"cityUrl":"sanming","cityName":"三明","en_gj":"en"},{"cityUrl":"sansha","cityName":"三沙","en_gj":"en"},{"cityUrl":"sanya","cityName":"三亚","en_gj":"en"},{"cityUrl":"shanghai_city","cityName":"上海","en_gj":"en"},{"cityUrl":"shangluo","cityName":"商洛","en_gj":"en"},{"cityUrl":"shangqiu","cityName":"商丘","en_gj":"en"},{"cityUrl":"shangrao","cityName":"上饶","en_gj":"en"},{"cityUrl":"shannan","cityName":"山南","en_gj":"en"},{"cityUrl":"shantou","cityName":"汕头","en_gj":"en"},{"cityUrl":"shanwei","cityName":"汕尾","en_gj":"en"},{"cityUrl":"shaoguan","cityName":"韶关","en_gj":"en"},{"cityUrl":"shaoxing","cityName":"绍兴","en_gj":"en"},{"cityUrl":"shaoyang","cityName":"邵阳","en_gj":"en"},{"cityUrl":"shennongjia","cityName":"神农架","en_gj":"en"},{"cityUrl":"shenyang","cityName":"沈阳","en_gj":"en"},{"cityUrl":"shenzhen","cityName":"深圳","en_gj":"en"},{"cityUrl":"shihezi","cityName":"石河子","en_gj":"en"},{"cityUrl":"shijiazhuang","cityName":"石家庄","en_gj":"en"},{"cityUrl":"shiyan","cityName":"十堰","en_gj":"en"},{"cityUrl":"shizuishan","cityName":"石嘴山","en_gj":"en"},{"cityUrl":"shuangheshi","cityName":"双河市","en_gj":"en"},{"cityUrl":"shuangyashan","cityName":"双鸭山","en_gj":"en"},{"cityUrl":"shuozhou","cityName":"朔州","en_gj":"en"},{"cityUrl":"siping","cityName":"四平","en_gj":"en"},{"cityUrl":"songyuan","cityName":"松原","en_gj":"en"},{"cityUrl":"suihua","cityName":"绥化","en_gj":"en"},{"cityUrl":"suining","cityName":"遂宁","en_gj":"en"},{"cityUrl":"suizhou","cityName":"随州","en_gj":"en"},{"cityUrl":"suqian","cityName":"宿迁","en_gj":"en"},{"cityUrl":"suzhou_anhui","cityName":"宿州","en_gj":"en"},{"cityUrl":"suzhou_jiangsu","cityName":"苏州","en_gj":"en"}]},{"T":[{"cityUrl":"tacheng","cityName":"塔城","en_gj":"en"},{"cityUrl":"taian","cityName":"泰安","en_gj":"en"},{"cityUrl":"taiyuan","cityName":"太原","en_gj":"en"},{"cityUrl":"taizhou_jiangsu","cityName":"泰州","en_gj":"en"},{"cityUrl":"taizhou_zhejiang","cityName":"台州","en_gj":"en"},{"cityUrl":"tangshan","cityName":"唐山","en_gj":"en"},{"cityUrl":"tianjin_city","cityName":"天津","en_gj":"en"},{"cityUrl":"tianmen","cityName":"天门","en_gj":"en"},{"cityUrl":"tianshui","cityName":"天水","en_gj":"en"},{"cityUrl":"tieling","cityName":"铁岭","en_gj":"en"},{"cityUrl":"tiemenguanshi","cityName":"铁门关市","en_gj":"en"},{"cityUrl":"tonghua","cityName":"通化","en_gj":"en"},{"cityUrl":"tongliao","cityName":"通辽","en_gj":"en"},{"cityUrl":"tongling","cityName":"铜陵","en_gj":"en"},{"cityUrl":"tongren","cityName":"铜仁","en_gj":"en"},{"cityUrl":"tongzhou","cityName":"铜川","en_gj":"en"},{"cityUrl":"tulufan","cityName":"吐鲁番","en_gj":"en"},{"cityUrl":"tumushuke","cityName":"图木舒克","en_gj":"en"},{"cityUrl":"tunchang","cityName":"屯昌","en_gj":"en"}]},{"W":[{"cityUrl":"wanning","cityName":"万宁","en_gj":"en"},{"cityUrl":"weifang","cityName":"潍坊","en_gj":"en"},{"cityUrl":"weihai","cityName":"威海","en_gj":"en"},{"cityUrl":"weinan","cityName":"渭南","en_gj":"en"},{"cityUrl":"wenchang","cityName":"文昌","en_gj":"en"},{"cityUrl":"wenshan","cityName":"文山","en_gj":"en"},{"cityUrl":"wenzhou","cityName":"温州","en_gj":"en"},{"cityUrl":"wuhai","cityName":"乌海","en_gj":"en"},{"cityUrl":"wuhan","cityName":"武汉","en_gj":"en"},{"cityUrl":"wuhu","cityName":"芜湖","en_gj":"en"},{"cityUrl":"wujiaqu","cityName":"五家渠","en_gj":"en"},{"cityUrl":"wulanchabu","cityName":"乌兰察布","en_gj":"en"},{"cityUrl":"wulumuqi","cityName":"乌鲁木齐","en_gj":"en"},{"cityUrl":"wuwei","cityName":"武威","en_gj":"en"},{"cityUrl":"wuxi","cityName":"无锡","en_gj":"en"},{"cityUrl":"wuzhishan","cityName":"五指山","en_gj":"en"},{"cityUrl":"wuzhong","cityName":"吴忠","en_gj":"en"},{"cityUrl":"wuzhou","cityName":"梧州","en_gj":"en"}]},{"X":[{"cityUrl":"xiamen","cityName":"厦门","en_gj":"en"},{"cityUrl":"xian","cityName":"西安","en_gj":"en"},{"cityUrl":"xiangfan","cityName":"襄阳","en_gj":"en"},{"cityUrl":"xiangtan","cityName":"湘潭","en_gj":"en"},{"cityUrl":"xiangxi","cityName":"湘西","en_gj":"en"},{"cityUrl":"xianning","cityName":"咸宁","en_gj":"en"},{"cityUrl":"xiantao","cityName":"仙桃","en_gj":"en"},{"cityUrl":"xianyang","cityName":"咸阳","en_gj":"en"},{"cityUrl":"xiaogan","cityName":"孝感","en_gj":"en"},{"cityUrl":"xilinguole","cityName":"锡林郭勒盟","en_gj":"en"},{"cityUrl":"xingan","cityName":"兴安盟","en_gj":"en"},{"cityUrl":"xingtai","cityName":"邢台","en_gj":"en"},{"cityUrl":"xining","cityName":"西宁","en_gj":"en"},{"cityUrl":"xinxiang","cityName":"新乡","en_gj":"en"},{"cityUrl":"xinyang","cityName":"信阳","en_gj":"en"},{"cityUrl":"xinyu","cityName":"新余","en_gj":"en"},{"cityUrl":"xinzhou","cityName":"忻州","en_gj":"en"},{"cityUrl":"xishuangbanna","cityName":"西双版纳","en_gj":"en"},{"cityUrl":"xuancheng","cityName":"宣城","en_gj":"en"},{"cityUrl":"xuchang","cityName":"许昌","en_gj":"en"},{"cityUrl":"xuzhou","cityName":"徐州","en_gj":"en"}]},{"Y":[{"cityUrl":"yaan","cityName":"雅安","en_gj":"en"},{"cityUrl":"yanan","cityName":"延安","en_gj":"en"},{"cityUrl":"yanbian","cityName":"延边","en_gj":"en"},{"cityUrl":"yancheng","cityName":"盐城","en_gj":"en"},{"cityUrl":"yangjiang","cityName":"阳江","en_gj":"en"},{"cityUrl":"yangquan","cityName":"阳泉","en_gj":"en"},{"cityUrl":"yangzhou","cityName":"扬州","en_gj":"en"},{"cityUrl":"yantai","cityName":"烟台","en_gj":"en"},{"cityUrl":"yibin","cityName":"宜宾","en_gj":"en"},{"cityUrl":"yichang","cityName":"宜昌","en_gj":"en"},{"cityUrl":"yichun_heilongjiang","cityName":"伊春","en_gj":"en"},{"cityUrl":"yichun_jiangxi","cityName":"宜春","en_gj":"en"},{"cityUrl":"yili","cityName":"伊犁","en_gj":"en"},{"cityUrl":"yinchuan","cityName":"银川","en_gj":"en"},{"cityUrl":"yingkou","cityName":"营口","en_gj":"en"},{"cityUrl":"yingtan","cityName":"鹰潭","en_gj":"en"},{"cityUrl":"yiyang","cityName":"益阳","en_gj":"en"},{"cityUrl":"yongzhou","cityName":"永州","en_gj":"en"},{"cityUrl":"yueyang","cityName":"岳阳","en_gj":"en"},{"cityUrl":"yulin_guangxi","cityName":"玉林","en_gj":"en"},{"cityUrl":"yulin_shanxi_02","cityName":"榆林","en_gj":"en"},{"cityUrl":"yuncheng","cityName":"运城","en_gj":"en"},{"cityUrl":"yunfu","cityName":"云浮","en_gj":"en"},{"cityUrl":"yushu","cityName":"玉树","en_gj":"en"},{"cityUrl":"yuxi","cityName":"玉溪","en_gj":"en"}]},{"Z":[{"cityUrl":"zaozhuang","cityName":"枣庄","en_gj":"en"},{"cityUrl":"zhangjiajie","cityName":"张家界","en_gj":"en"},{"cityUrl":"zhangjiakou","cityName":"张家口","en_gj":"en"},{"cityUrl":"zhangye","cityName":"张掖","en_gj":"en"},{"cityUrl":"zhangzhou","cityName":"漳州","en_gj":"en"},{"cityUrl":"zhanjiang","cityName":"湛江","en_gj":"en"},{"cityUrl":"zhaoqing","cityName":"肇庆","en_gj":"en"},{"cityUrl":"zhaotong","cityName":"昭通","en_gj":"en"},{"cityUrl":"zhengzhou","cityName":"郑州","en_gj":"en"},{"cityUrl":"zhenjiang","cityName":"镇江","en_gj":"en"},{"cityUrl":"zhongshan","cityName":"中山","en_gj":"en"},{"cityUrl":"zhongwei","cityName":"中卫","en_gj":"en"},{"cityUrl":"zhoukou","cityName":"周口","en_gj":"en"},{"cityUrl":"zhoushan","cityName":"舟山","en_gj":"en"},{"cityUrl":"zhuhai","cityName":"珠海","en_gj":"en"},{"cityUrl":"zhumadian","cityName":"驻马店","en_gj":"en"},{"cityUrl":"zhuzhou","cityName":"株洲","en_gj":"en"},{"cityUrl":"zibo","cityName":"淄博","en_gj":"en"},{"cityUrl":"zigong","cityName":"自贡","en_gj":"en"},{"cityUrl":"ziyang","cityName":"资阳","en_gj":"en"},{"cityUrl":"zunyi","cityName":"遵义","en_gj":"en"}]}]}