[
    {
        "name": "宁波帕瑞思酒店(天一广场店)",
        "type": "高档型",
        "score": "4.9",
        "preview": "超棒",
        "price": "¥300起"
    },
    {
        "name": "宜必思酒店(宁波天一广场鼓楼店)",
        "type": "舒适型",
        "score": "4.9",
        "preview": "超棒",
        "price": "¥200起"
    },
    {
        "name": "宁波万达美华酒店丨京东京造",
        "type": "高档型",
        "score": "4.9",
        "preview": "超棒",
        "price": "¥300起"
    },
    {
        "name": "希诺S酒店(宁波江北万象城店)",
        "type": "高档型",
        "score": "4.9",
        "preview": "超棒",
        "price": "¥600起"
    },
    {
        "name": "臻庭酒店(宁波天一广场老外滩店)",
        "type": "高档型",
        "score": "4.9",
        "preview": "超棒",
        "price": "¥400起"
    },
    {
        "name": "全季酒店(宁波火车站天一阁店)",
        "type": "舒适型",
        "score": "4.9",
        "preview": "超棒",
        "price": "¥300起"
    },
    {
        "name": "全季酒店(宁波天一广场鼓楼店)",
        "type": "舒适型",
        "score": "4.9",
        "preview": "超棒",
        "price": "¥300起"
    },
    {
        "name": "宁波逸东诺富特酒店",
        "type": "高档型",
        "score": "4.9",
        "preview": "超棒",
        "price": "¥300起"
    },
    {
        "name": "朵江南酒店(宁波印象城钱湖北路地铁站店)",
        "type": "舒适型",
        "score": "4.9",
        "preview": "超棒",
        "price": "¥200起"
    },
    {
        "name": "汉庭酒店(宁波天一广场国购中心店)",
        "type": "舒适型",
        "score": "4.9",
        "preview": "超棒",
        "price": "¥200起"
    },
    {
        "name": "如家酒店·neo(宁波机场石碶地铁站店)",
        "type": "经济型",
        "score": "4.9",
        "preview": "超棒",
        "price": "¥100起"
    },
    {
        "name": "南苑e家(宁波火车站北广场店)",
        "type": "经济型",
        "score": "4.9",
        "preview": "超棒",
        "price": "¥200起"
    },
    {
        "name": "美高美连锁酒店(宁波天一广场店)",
        "type": "经济型",
        "score": "4.9",
        "preview": "超棒",
        "price": "¥100起"
    },
    {
        "name": "宁波君亭酒店(罗蒙环球乐园店)",
        "type": "高档型",
        "score": "4.9",
        "preview": "超棒",
        "price": "¥300起"
    },
    {
        "name": "柏悦尚品酒店(宁波印象城钱湖天地店)",
        "type": "经济型",
        "score": "4.9",
        "preview": "超棒",
        "price": "¥100起"
    },
    {
        "name": "庭酒店(宁波鼓楼天一广场店)",
        "type": "经济型",
        "score": "4.9",
        "preview": "超棒",
        "price": "¥100起"
    },
    {
        "name": "麗枫酒店(宁波火车站北广场店)",
        "type": "舒适型",
        "score": "4.9",
        "preview": "超棒",
        "price": "¥200起"
    },
    {
        "name": "宁波裕家精品酒店",
        "type": "经济型",
        "score": "4.9",
        "preview": "超棒",
        "price": "¥100起"
    },
    {
        "name": "全季酒店(宁波天一广场店)",
        "type": "舒适型",
        "score": "4.9",
        "preview": "超棒",
        "price": "¥300起"
    },
    {
        "name": "宁波城市之心酒店式公寓·万达48克拉",
        "type": "经济型",
        "score": "4.9",
        "preview": "超棒",
        "price": "¥100起"
    }
]